,d1,d2,cluster
828,4.26395,9.568093,0
443,2.5246,9.244232,0
504,7.47245,8.9135266,0
503,7.48108,8.9427109,0
446,2.51115,9.122326,0
502,7.49027,8.9715389,0
501,7.5,9.0,0
785,6.40509,12.4788,0
786,6.33385,12.43717,0
787,6.2632699999999994,12.3941,0
788,6.19336,12.34957,0
789,6.12415,12.30362,0
790,6.05569,12.25625,0
791,5.98799,12.207460000000001,0
792,5.92109,12.15728,0
793,5.85501,12.10571,0
794,5.78979,12.052769999999999,0
795,5.72544,11.99848,0
442,2.54034,9.365675,0
796,5.6620099999999995,11.942839999999999,0
441,2.55835,9.486611,0
439,2.60114,9.726795,0
506,7.45688,8.854132,0
423,3.19639,11.42532,0
424,3.14241,11.319180000000001,0
425,3.09037,11.21187,0
426,3.0403,11.10342,0
427,2.99222,10.99386,0
428,2.94616,10.883239999999999,0
429,2.90213,10.77159,0
430,2.86017,10.65895,0
431,2.82029,10.54536,0
432,2.78252,10.43085,0
505,7.46438,8.883997,0
434,2.74687,10.31546,0
435,2.7133599999999998,10.19924,0
436,2.68202,10.08222,0
437,2.65286,9.964447999999999,0
438,2.62589,9.845958999999999,0
440,2.57863,9.606999,0
421,3.2522900000000003,11.53025,0
797,5.5995099999999995,11.885869999999999,0
799,5.47743,11.76801,0
821,4.44766,10.16884,0
822,4.41671,10.08513,0
823,4.38729,10.00067,0
824,4.35944,9.915488999999999,0
825,4.33317,9.829609,0
826,4.30848,9.743064,0
827,4.2854,9.655882,0
541,7.614960000000001,7.69936,0
829,4.24413,9.479728999999999,0
830,4.225969999999999,9.390819,0
831,4.20947,9.301394,0
832,4.19465,9.211487,0
833,4.18152,9.121127,0
834,4.1701,9.030347599999999,0
835,4.16038,8.9391804,0
836,4.1523900000000005,8.847658000000001,0
837,4.14614,8.755813,0
820,4.4801400000000005,10.25177,0
798,5.53797,11.827589999999999,0
819,4.51412,10.33389,0
817,4.58652,10.4956,0
800,5.4179,11.70715,0
801,5.35942,11.64503,0
802,5.30202,11.581669999999999,0
803,5.24571,11.51708,0
804,5.190519999999999,11.45128,0
805,5.13649,11.38429,0
806,5.08362,11.316139999999999,0
807,5.03196,11.246839999999999,0
808,4.98152,11.17641,0
809,4.93233,11.10488,0
810,4.8844199999999995,11.03226,0
811,4.8378,10.95858,0
812,4.79249,10.88387,0
813,4.748530000000001,10.80815,0
814,4.70593,10.73143,0
815,4.6647099999999995,10.65375,0
816,4.6249,10.57513,0
818,4.54959,10.41517,0
420,3.3100699999999996,11.633939999999999,0
419,3.3697199999999996,11.73634,0
418,3.4312099999999996,11.837439999999999,0
563,8.170288000000001,7.049110000000001,0
564,8.203467,7.024539999999999,0
539,7.58201,7.765619999999999,0
538,7.566660000000001,7.798989999999999,0
537,7.552060000000001,7.832489999999999,0
536,7.53821,7.86612,0
535,7.525119999999999,7.89985,0
534,7.51277,7.933680000000001,0
533,7.50117,7.967569999999999,0
532,7.49032,8.001521,0
531,7.4802100000000005,8.035511999999999,0
530,7.470839999999999,8.069527,0
529,7.462219999999999,8.103551,0
528,7.454330000000001,8.137567,0
527,7.44717,8.171561,0
526,7.440739999999999,8.205517,0
525,7.43503,8.239419,0
562,8.13775,7.0742199999999995,0
524,7.43005,8.273252000000001,0
561,8.105864,7.0998600000000005,0
559,8.044074,7.15268,0
542,7.632560000000001,7.6665,0
543,7.6509100000000005,7.63385,0
544,7.67001,7.60142,0
545,7.68985,7.56922,0
546,7.710439999999999,7.53728,0
547,7.73177,7.505610000000001,0
548,7.753839999999999,7.47423,0
549,7.7766399999999996,7.44315,0
550,7.80017,7.412389999999999,0
551,7.82443,7.38197,0
552,7.849410000000001,7.3519,0
553,7.87511,7.3222,0
554,7.90152,7.29288,0
555,7.92864,7.26397,0
556,7.9564699999999995,7.23548,0
557,7.98498,7.20742,0
558,8.014187,7.179819999999999,0
560,8.074635,7.12602,0
523,7.425789999999999,8.307001,0
522,7.42223,8.340651,0
521,7.41938,8.374188,0
401,4.63995,13.251829999999998,0
402,4.5532900000000005,13.17574,0
403,4.46796,13.09789,0
404,4.38398,13.0183,0
405,4.3014,12.93701,0
406,4.22024,12.85402,0
407,4.14055,12.76938,0
408,4.06235,12.68309,0
409,3.9856800000000003,12.5952,0
410,3.91057,12.50572,0
507,7.4499699999999995,8.823944000000001,0
412,3.83705,12.41469,0
413,3.76517,12.32213,0
414,3.6949400000000003,12.228069999999999,0
415,3.6264,12.132539999999999,0
416,3.5595800000000004,12.03557,0
417,3.4945,11.93719,0
508,7.44365,8.793444000000001,0
399,4.72789,13.326139999999999,0
398,4.817080000000001,13.398639999999999,0
397,4.9074800000000005,13.46933,0
520,7.41723,8.407597,0
519,7.415780000000001,8.440863,0
518,7.4150100000000005,8.473972,0
517,7.4149199999999995,8.506911,0
516,7.41552,8.539665,0
515,7.41677,8.57222,0
514,7.41869,8.604563,0
513,7.42127,8.636681,0
838,4.14163,8.663677999999999,0
512,7.42448,8.668561,0
510,7.43283,8.731555,0
509,7.437930000000001,8.762644,0
391,5.47329,13.8541,0
392,5.37639,13.79474,0
393,5.28049,13.733460000000001,0
394,5.1856,13.67025,0
395,5.09178,13.60515,0
396,4.99906,13.538170000000001,0
511,7.4283399999999995,8.70019,0
839,4.13887,8.571286,0
540,7.59811,7.7324,0
841,4.1386400000000005,8.385867,0
68,5.94221,9.444992999999998,0
870,4.93939,5.76773,0
66,5.96101,9.500922000000001,0
65,5.98082,9.556302,0
64,6.00164,9.611113000000001,0
63,6.02345,9.665337,0
62,6.04624,9.718957000000001,0
61,6.06999,9.771955,0
60,6.09468,9.824314999999999,0
69,5.92444,9.388533,0
59,6.1203,9.876019,0
57,6.174259999999999,9.977395,0
871,4.99333,5.6854,0
55,6.20257,10.02704,0
54,6.23175,10.07596,0
53,6.261769999999999,10.12415,0
52,6.292619999999999,10.17159,0
51,6.32429,10.21826,0
50,6.35675,10.26417,0
49,6.38998,10.309280000000001,0
58,6.1468300000000005,9.927050999999999,0
48,6.42398,10.353589999999999,0
70,5.907719999999999,9.331561,0
72,5.87747,9.216158,0
92,5.81007,8.116553999999999,0
91,5.80368,8.179323,0
90,5.79851,8.242019,0
868,4.8365599999999995,5.9349300000000005,0
88,5.79456,8.304617,0
87,5.79183,8.367092999999999,0
86,5.7903199999999995,8.429425,0
85,5.79001,8.491588,0
84,5.7909,8.553559,0
71,5.89206,9.274096,0
83,5.7929900000000005,8.615316,0
81,5.8007,8.738094,0
80,5.80631,8.79907,0
79,5.81308,8.859742,0
869,4.88713,5.8509199999999995,0
77,5.821000000000001,8.920086300000001,0
76,5.83006,8.9800824,0
75,5.84025,9.0397087,0
74,5.85155,9.0989439,0
73,5.86397,9.157767,0
82,5.79626,8.676835,0
93,5.81771,8.053736,0
47,6.45871,10.397089999999999,0
872,5.04893,5.60395,0
876,5.2876900000000004,5.2876900000000004,0
877,5.351380000000001,5.21117,0
878,5.41665,5.13574,0
879,5.48346,5.0614300000000005,0
880,5.5518,4.98827,0
881,5.62165,4.91628,0
882,5.693,4.8455,0
883,5.76581,4.77597,0
884,5.84007,4.70771,0
875,5.22558,5.36526,0
885,5.91576,4.64075,0
887,6.071330000000001,4.51085,0
888,6.15115,4.44797,0
889,6.23232,4.3865099999999995,0
890,6.314780000000001,4.32649,0
891,6.39853,4.26794,0
892,6.48353,4.2109,0
893,6.5697600000000005,4.15538,0
894,6.657189999999999,4.10141,0
895,6.7458,4.04902,0
886,5.99285,4.57512,0
46,6.4941699999999996,10.43975,0
22,7.37075,11.127889999999999,0
24,7.3247,11.10463,0
44,6.53032,10.481589999999999,0
43,6.56716,10.52257,0
42,6.60467,10.56269,0
41,6.6428199999999995,10.601939999999999,0
40,6.6816,10.640310000000001,0
39,6.72098,10.67778,0
38,6.76095,10.714360000000001,0
37,6.801480000000001,10.75003,0
36,6.842560000000001,10.78479,0
874,5.16507,5.44384,0
35,6.88417,10.81862,0
33,6.92628,10.851510000000001,0
32,6.96888,10.883469999999999,0
31,7.01195,10.914480000000001,0
30,7.055460000000001,10.94454,0
29,7.09939,10.97365,0
28,7.143730000000001,11.00179,0
27,7.18845,11.028960000000001,0
26,7.23353,11.05516,0
25,7.2789600000000005,11.08039,0
873,5.10619,5.52342,0
840,4.1378699999999995,8.478671,0
94,5.82658,7.990889999999999,0
96,5.84805,7.86523,0
141,7.29754,5.65873,0
140,7.23957,5.70023,0
139,7.1825600000000005,5.74273,0
138,7.126519999999999,5.7862,0
137,7.07148,5.83063,0
136,7.01744,5.87599,0
135,6.96443,5.92225,0
863,4.6094599999999994,6.36607,0
133,6.91245,5.9694,0
142,7.356439999999999,5.61824,0
132,6.86153,6.01741,0
130,6.76289,6.1159300000000005,0
129,6.7152,6.1664,0
128,6.66862,6.217630000000001,0
127,6.62316,6.26961,0
126,6.5788199999999994,6.32231,0
125,6.53563,6.37571,0
124,6.49359,6.429790000000001,0
864,4.65141,6.27848,0
122,6.4527,6.48451,0
131,6.8116699999999994,6.06626,0
121,6.41299,6.53986,0
143,7.41628,5.57878,0
862,4.5692699999999995,6.454269999999999,0
842,4.14118,8.292907000000001,0
843,4.1455,8.199825,0
844,4.151619999999999,8.106656,0
845,4.15952,8.013433000000001,0
846,4.16921,7.92019,0
847,4.1807099999999995,7.826960000000001,0
848,4.194,7.733789999999999,0
849,4.2091,7.6407,0
850,4.22601,7.5477300000000005,0
144,7.477010000000001,5.54039,0
851,4.24472,7.4549199999999995,0
853,4.28756,7.269889999999999,0
854,4.31168,7.17775,0
855,4.33761,7.08591,0
856,4.36534,6.9944,0
857,4.3948599999999995,6.90326,0
858,4.4261800000000004,6.81252,0
859,4.45929,6.7222100000000005,0
860,4.4941699999999996,6.63238,0
861,4.53084,6.54306,0
852,4.26523,7.36229,0
95,5.83669,7.92805,0
120,6.37445,6.59582,0
118,6.30095,6.70942,0
119,6.33711,6.65234,0
865,4.69511,6.19153,0
866,4.74054,6.10527,0
110,6.10953,7.062069999999999,0
109,6.081919999999999,7.122310000000001,0
108,6.05556,7.1829,0
107,6.0304400000000005,7.243810000000001,0
106,6.00657,7.30502,0
105,5.98395,7.3665,0
104,5.9625699999999995,7.42824,0
103,5.94245,7.490189999999999,0
101,5.9059800000000005,7.61468,0
867,4.7876900000000004,6.0197199999999995,0
99,5.88962,7.677160000000001,0
98,5.87451,7.73976,0
97,5.86065,7.802460000000001,0
113,6.13837,7.002210000000001,0
114,6.16844,6.94275,0
115,6.19974,6.883719999999999,0
116,6.23226,6.825130000000001,0
117,6.266,6.76703,0
102,5.92359,7.55235,0
497,8.418211999999999,11.39021,1
498,8.370716,11.38849,1
496,8.465549000000001,11.390999999999998,1
493,8.606418,11.387780000000001,1
494,8.55967,11.38977,1
476,9.270351,11.25384,1
477,9.228825,11.26849,1
478,10.55635,9.206555999999999,1
479,9.186843,11.28237,1
480,9.144418,11.29546,1
481,9.101566,11.30777,1
482,9.0583018,11.31927,1
483,9.0146397,11.32995,1
484,8.9705955,11.33982,1
485,8.9261847,11.34884,1
486,8.881423,11.35702,1
487,8.836328,11.364339999999999,1
488,8.790914,11.3708,1
489,10.56207,9.237356,1
490,8.745199000000001,11.376380000000001,1
491,8.6992,11.38108,1
492,8.652934,11.38488,1
495,8.512708,11.39085,1
0,10.5,9.0,1
771,7.453880000000001,12.90506,1
674,12.20701,9.384684,1
755,8.69568,13.02852,1
754,8.77223,13.02356,1
753,8.848485,13.01714,1
752,8.924417800000002,13.00929,1
751,9.0,13.0,1
750,9.075205300000002,12.989289999999999,1
749,9.150007,12.97717,1
748,9.224378999999999,12.96365,1
747,9.298294,12.94875,1
746,9.371728,12.93247,1
745,9.444654,12.91483,1
756,8.618861,13.03203,1
744,9.517047999999999,12.89584,1
742,9.660139,12.85387,1
741,9.730787,12.830919999999999,1
740,9.800806,12.80668,1
739,9.870171000000001,12.78116,1
738,9.938858999999999,12.754389999999999,1
737,10.00685,12.72637,1
736,10.074119999999999,12.69713,1
735,10.14064,12.66668,1
734,10.2064,12.63504,1
733,10.27137,12.602219999999999,1
732,10.33554,12.56826,1
743,9.588884,12.87551,1
757,8.541803,13.03406,1
758,8.464533,13.03462,1
759,8.387080000000001,13.0337,1
784,6.47695,12.51897,1
783,6.5494,12.55766,1
782,6.62241,12.59488,1
781,6.695939999999999,12.63061,1
780,6.76998,12.66485,1
779,6.8444899999999995,12.69759,1
778,6.91944,12.72883,1
777,6.9948,12.758560000000001,1
776,7.070539999999999,12.78678,1
775,7.14663,12.81348,1
774,7.223039999999999,12.83866,1
773,7.29973,12.86232,1
772,7.376689999999999,12.88445,1
475,9.311406,11.238439999999999,1
770,7.5312600000000005,12.92414,1
769,7.608810000000001,12.9417,1
768,7.68651,12.95773,1
767,7.764310000000001,12.97224,1
766,7.8421899999999996,12.98522,1
765,7.92012,12.99668,1
764,7.998069999999999,13.00662,1
763,8.076004,13.01505,1
762,8.153905,13.02197,1
761,8.231736999999999,13.02738,1
760,8.309471,13.03129,1
731,10.39887,12.53315,1
673,12.20374,9.323165,1
730,10.46136,12.49693,1
728,10.58372,12.42122,1
698,11.91808,10.87769,1
697,11.94444,10.8171,1
696,11.969560000000001,10.75619,1
695,11.99343,10.694980000000001,1
694,12.01605,10.6335,1
693,12.03743,10.571760000000001,1
692,12.05755,10.50981,1
691,12.076410000000001,10.44765,1
690,12.09402,10.38532,1
689,12.110380000000001,10.32284,1
688,12.12549,10.26024,1
699,11.89047,10.93793,1
687,12.13935,10.19754,1
685,12.163310000000001,10.07195,1
684,12.17342,10.00911,1
683,12.18229,9.946264,1
682,12.18993,9.883446000000001,1
681,12.19632,9.820677,1
680,12.20149,9.757981,1
679,12.20544,9.695383,1
678,12.208169999999999,9.632907000000001,1
677,12.20968,9.570575,1
676,12.20999,9.508412,1
675,12.2091,9.446441,1
686,12.15195,10.13477,1
700,11.86163,10.99779,1
701,11.831560000000001,11.05725,1
702,11.80026,11.11628,1
727,10.64356,12.38176,1
726,10.70246,12.34127,1
725,10.76043,12.29977,1
724,10.81744,12.25727,1
723,10.87348,12.2138,1
722,10.928519999999999,12.169369999999999,1
721,10.982560000000001,12.12401,1
720,11.03557,12.07775,1
719,11.08755,12.0306,1
718,11.13847,11.98259,1
717,11.18833,11.93374,1
716,11.237110000000001,11.88407,1
715,11.2848,11.8336,1
714,11.331380000000001,11.78237,1
713,11.37684,11.73039,1
712,11.42118,11.67769,1
711,11.464369999999999,11.62429,1
710,11.50641,11.570210000000001,1
709,11.5473,11.51549,1
708,11.587010000000001,11.460139999999999,1
707,11.62555,11.40418,1
706,11.662889999999999,11.347660000000001,1
705,11.69905,11.29058,1
704,11.734000000000002,11.23297,1
703,11.76774,11.17487,1
729,10.52299,12.459610000000001,1
474,9.351977999999999,11.2223,1
499,8.323079,11.38583,1
472,9.431614999999999,11.18783,1
304,12.89381,12.47658,1
303,12.95107,12.39605,1
302,13.00667,12.3146,1
301,13.06061,12.23227,1
300,10.44794,10.16751,1
299,13.112870000000001,12.14908,1
298,13.16344,12.06507,1
297,13.21231,11.98028,1
296,13.25946,11.894730000000001,1
295,13.304889999999999,11.80847,1
294,13.34859,11.72152,1
305,12.83493,12.55616,1
293,13.39054,11.63393,1
291,13.46916,11.45694,1
290,13.50583,11.36762,1
289,10.461789999999999,10.13388,1
288,13.54071,11.27779,1
287,13.573820000000001,11.18748,1
286,13.605139999999999,11.096739999999999,1
285,13.63466,11.0056,1
284,13.66239,10.91409,1
283,13.688320000000001,10.82225,1
282,13.712439999999999,10.73011,1
281,13.734770000000001,10.63771,1
292,13.430729999999999,11.54573,1
280,13.755279999999999,10.54508,1
306,12.77442,12.634739999999999,1
308,12.64862,12.78883,1
332,10.888639999999999,14.144260000000001,1
331,10.98165,14.098429999999999,1
330,11.07359,14.050920000000001,1
329,11.16446,14.00176,1
328,11.2542,13.95098,1
327,11.34281,13.898589999999999,1
326,11.43024,13.84462,1
325,11.51647,13.7891,1
324,11.601469999999999,13.73206,1
323,11.68522,13.67351,1
322,10.41799,10.23438,1
307,12.71231,12.71231,1
321,11.76768,13.613489999999999,1
319,11.92867,13.48915,1
318,12.00715,13.424879999999998,1
317,12.08424,13.35925,1
316,12.159930000000001,13.29229,1
315,12.23419,13.224029999999999,1
314,12.307,13.1545,1
313,12.37835,13.08372,1
312,12.4482,13.01173,1
311,10.43334,10.20101,1
310,12.516539999999999,12.93857,1
309,12.58335,12.86426,1
320,11.84885,13.552029999999998,1
279,13.77399,10.45227,1
278,10.47488,10.10015,1
277,13.7909,10.3593,1
45,10.58131,9.395437,1
34,10.57873,9.363319,1
23,10.57552,9.331439,1
21,7.41707,11.15017,1
20,7.463660000000001,11.17146,1
19,7.51048,11.19176,1
18,7.557519999999999,11.21107,1
17,7.604760000000001,11.229389999999999,1
16,7.65217,11.24672,1
15,7.699739999999999,11.26305,1
14,7.747439999999999,11.2784,1
56,10.58323,9.42778,1
13,7.795260000000001,11.29275,1
11,7.84317,11.30611,1
10,7.89116,11.318480000000001,1
9,7.9392,11.32987,1
8,7.98727,11.34027,1
7,8.035361,11.3497,1
6,8.083442999999999,11.358139999999999,1
5,8.1315,11.36561,1
4,8.179511,11.372110000000001,1
3,8.227458,11.37764,1
2,8.275319999999999,11.38221,1
1,10.567169999999999,9.268445,1
12,10.571660000000001,9.29981,1
67,10.584480000000001,9.460335,1
78,10.58508,9.493089,1
89,10.58499,9.526028,1
276,13.806,10.266210000000001,1
275,13.819289999999999,10.17304,1
274,13.830789999999999,10.07981,1
273,13.84048,9.986566999999999,1
272,13.848379999999999,9.893344,1
271,13.8545,9.800175,1
473,9.392052,11.20542,1
267,10.48723,10.06632,1
256,10.49883,10.03243,1
245,10.50968,9.998479,1
234,10.519789999999999,9.964488000000001,1
223,10.529160000000001,9.930473,1
222,10.51892,9.0572891,1
211,10.53778,9.896449,1
200,10.54567,9.862433,1
189,10.55283,9.828439,1
178,10.55926,9.794483,1
167,10.564969999999999,9.760581,1
156,10.56995,9.726747999999999,1
145,10.57421,9.692999,1
134,10.57777,9.659349,1
123,10.58062,9.625812,1
112,10.58277,9.592403,1
111,10.509730000000001,9.0284611,1
100,10.58422,9.559137,1
333,10.52755,9.0864734,1
334,10.40189,10.2676,1
270,13.858820000000001,9.707092999999999,1
343,10.009319999999999,14.477789999999999,1
356,10.36744,10.3335,1
357,8.749821,14.6845,1
358,8.642094,14.68875,1
359,8.534118,14.69096,1
360,8.425931,14.691120000000002,1
361,8.317573,14.68922,1
362,8.209083999999999,14.68525,1
363,8.100502,14.679210000000001,1
364,7.99187,14.67109,1
365,7.88322,14.66089,1
366,7.7746,14.648610000000001,1
367,10.349089999999999,10.36615,1
368,7.66605,14.63424,1
369,7.5576,14.617779999999998,1
370,7.4493,14.599229999999999,1
371,7.341189999999999,14.5786,1
372,7.2333,14.55587,1
355,8.857261,14.67821,1
354,8.9643746,14.669889999999999,1
353,9.0711238,14.65955,1
352,9.177471,14.647210000000001,1
469,9.547118,11.13088,1
468,9.584515,11.11055,1
335,10.79462,14.1884,1
336,10.699589999999999,14.23081,1
337,10.60361,14.271479999999999,1
338,10.506689999999999,14.31039,1
339,10.40888,14.347520000000001,1
340,10.3102,14.38284,1
373,7.12569,14.53105,1
341,10.2107,14.41634,1
344,9.907515,14.50571,1
345,10.38504,10.30064,1
346,9.805019999999999,14.53173,1
347,9.701866,14.55584,1
348,9.598089,14.578029999999998,1
349,9.493724,14.598270000000001,1
350,9.388808000000001,14.61656,1
351,9.283377999999999,14.632879999999998,1
342,10.110389999999999,14.447989999999999,1
374,7.0183800000000005,14.50415,1
375,6.91143,14.47517,1
376,6.804860000000001,14.4441,1
448,10.15059,10.6481,1
380,6.4879,14.338479999999999,1
447,10.17557,10.618030000000001,1
445,10.19983,10.58761,1
444,10.53562,9.116003,1
433,10.223360000000001,10.55685,1
422,10.24616,10.52577,1
411,10.26823,10.49439,1
449,10.124889999999999,10.6778,1
400,10.28956,10.46272,1
381,6.3833,14.29915,1
389,10.31015,10.43078,1
382,6.2792900000000005,14.25777,1
383,6.17591,14.21435,1
388,5.66988,13.96696,1
384,6.0732,14.16889,1
385,5.9712,14.12142,1
387,5.7695099999999995,14.020439999999999,1
390,5.57113,13.91151,1
470,9.509161,11.15055,1
450,10.09848,10.70712,1
452,10.04353,10.76452,1
377,6.69872,14.410960000000001,1
467,10.55003,9.176055999999999,1
466,9.621342,11.08958,1
378,10.329989999999999,10.39858,1
465,9.657587,11.067969999999999,1
464,9.693238000000001,11.04573,1
463,9.728287,11.02289,1
462,9.762721,10.999460000000001,1
451,10.07136,10.73603,1
461,9.796533,10.97546,1
459,9.86225,10.92578,1
458,9.894136,10.900139999999999,1
457,9.925365,10.87398,1
456,10.54312,9.145868,1
379,6.59306,14.37575,1
455,9.955926,10.84732,1
454,9.985813,10.82018,1
453,10.01502,10.792580000000001,1
460,9.829711999999999,10.95089,1
471,9.470656,11.16954,1
386,5.86996,14.071929999999998,1
911,8.298134,3.4441599999999997,2
986,15.09787,7.22841,2
987,15.139829999999998,7.34105,2
988,15.17971,7.4546399999999995,2
989,15.217479999999998,7.56915,2
146,7.538639999999999,5.50307,2
147,7.60113,5.46685,2
985,15.05384,7.11676,2
990,15.253129999999999,7.684539999999999,2
149,7.72863,5.39778,2
150,7.7936,5.36496,2
151,7.859360000000001,5.33332,2
152,7.92588,5.3028699999999995,2
153,7.99315,5.273630000000001,2
154,8.061141000000001,5.24561,2
148,7.664460000000001,5.4317400000000005,2
155,8.129828999999999,5.21884,2
984,15.007779999999999,7.006139999999999,2
982,14.909629999999998,6.788130000000001,2
970,14.16295,5.58531,2
971,14.234829999999999,5.6778699999999995,2
972,14.305060000000001,5.77193,2
973,14.3736,5.8674599999999995,2
974,14.440420000000001,5.96443,2
975,14.5055,6.06281,2
983,14.9597,6.89658,2
976,14.56879,6.16256,2
978,14.689929999999999,6.36606,2
979,14.747710000000001,6.46975,2
998,15.459660000000001,8.634325,2
500,15.48885,8.877674,2
980,14.80361,6.57468,2
981,14.85759,6.68082,2
977,14.630279999999999,6.26366,2
969,14.089429999999998,5.494280000000001,2
991,15.28664,7.80076,2
992,15.317979999999999,7.9177800000000005,2
174,9.381139,4.967969999999999,2
175,9.458197,4.96594,2
176,9.535467,4.965380000000001,2
177,9.612919999999999,4.9663,2
996,15.421370000000001,8.393001,2
997,15.44165,8.513389,2
173,9.30432,4.971480000000001,2
179,9.690529,4.96871,2
181,9.846095,4.97803,2
182,9.923996,4.98495,2
183,10.00193,4.99338,2
184,10.079880000000001,5.0033199999999995,2
185,10.157810000000001,5.01478,2
186,10.23569,5.02776,2
180,9.768263000000001,4.97262,2
157,8.199194,5.19332,2
172,9.22777,4.97644,2
170,9.075582199999998,4.99071,2
993,15.34714,8.035552000000001,2
158,8.269213,5.16908,2
159,8.339861,5.14613,2
160,8.411116,5.12449,2
161,8.482952000000001,5.10416,2
162,8.555346,5.08517,2
171,9.151515,4.98286,2
163,8.628272,5.0675300000000005,2
165,8.775621000000001,5.03635,2
166,8.849993,5.02283,2
994,15.37411,8.154041000000001,2
995,15.39886,8.273205,2
168,8.924794699999998,5.0107099999999996,2
169,9.0,5.0,2
164,8.701706,5.05125,2
968,14.014320000000001,5.4048,2
967,13.93765,5.31691,2
966,13.85945,5.23062,2
916,8.822529,3.35279,2
917,8.9288762,3.34045,2
918,9.0356254,3.33011,2
919,9.142739,3.32179,2
920,9.250179,3.3155,2
921,9.357906,3.31125,2
915,8.716622000000001,3.36712,2
922,9.465882,3.30904,2
924,9.682427,3.3107800000000003,2
187,10.31349,5.042269999999999,2
925,9.790916000000001,3.31475,2
926,9.899498,3.32079,2
927,10.00813,3.32891,2
928,10.11678,3.33911,2
923,9.574069,3.3088800000000003,2
929,10.2254,3.3513900000000003,2
914,8.611191999999999,3.3834400000000002,2
896,6.835539999999999,3.99824,2
910,8.194980000000001,3.4682699999999995,2
909,8.092485,3.4942900000000003,2
908,7.99068,3.52221,2
907,7.88961,3.5520099999999997,2
906,7.7893,3.58366,2
905,7.6898,3.6171599999999997,2
913,8.506276,3.40173,2
904,7.59112,3.65248,2
902,7.396389999999999,3.7285199999999996,2
901,7.30041,3.76919,2
900,7.20538,3.8116,2
899,7.11136,3.85574,2
898,7.01835,3.9015699999999995,2
897,6.926410000000001,3.9490800000000004,2
903,7.493310000000001,3.68961,2
930,10.33395,3.36576,2
931,10.4424,3.38222,2
932,10.5507,3.4007699999999996,2
952,12.623610000000001,4.20526,2
953,12.719510000000001,4.26654,2
954,12.8144,4.32975,2
955,12.90822,4.39485,2
956,13.00094,4.46183,2
957,13.09252,4.53067,2
951,12.526710000000001,4.1459,2
958,13.182920000000001,4.60136,2
960,13.36005,4.74817,2
961,13.446710000000001,4.82426,2
962,13.53204,4.9021099999999995,2
963,13.61602,4.9817,2
964,13.6986,5.06299,2
965,13.779760000000001,5.145980000000001,2
959,13.272110000000001,4.6738599999999995,2
950,12.42887,4.08849,2
949,12.330119999999999,4.03304,2
948,12.23049,3.9795599999999998,2
933,10.65881,3.4214,2
934,10.7667,3.4441300000000004,2
935,10.874310000000001,3.46895,2
936,10.98162,3.49585,2
937,11.088569999999999,3.52483,2
938,11.195139999999999,3.5559,2
939,11.30128,3.5890400000000002,2
940,11.406939999999999,3.62425,2
941,11.5121,3.66152,2
942,11.6167,3.70085,2
943,11.72071,3.74223,2
944,11.82409,3.78565,2
945,11.9268,3.83111,2
946,12.0288,3.8785800000000004,2
947,12.13004,3.9280699999999995,2
912,8.401911,3.4219699999999995,2
588,9.163672,6.635660000000001,2
214,12.07891,5.84272,2
190,10.468739999999999,5.07586,2
651,11.85317,8.072949000000001,2
650,11.82574,8.022605,2
649,11.79743,7.9729600000000005,2
648,11.76825,7.92404,2
647,11.73823,7.87585,2
646,11.70738,7.828410000000001,2
645,11.67571,7.781739999999999,2
644,11.64325,7.73583,2
652,11.8797,8.123981,2
643,11.61002,7.69072,2
641,11.54129,7.6029100000000005,2
640,11.50583,7.56025,2
639,11.46968,7.51841,2
638,11.432839999999999,7.47743,2
637,11.39533,7.437310000000001,2
636,11.35718,7.398060000000001,2
635,11.3184,7.35969,2
634,11.27902,7.32222,2
642,11.57602,7.64641,2
653,11.90532,8.175685000000001,2
654,11.930010000000001,8.228045,2
655,11.95376,8.281042999999999,2
585,9.0294045,6.66018,2
586,9.0738153,6.651160000000001,2
672,12.1993,9.261906,2
671,12.19369,9.20093,2
670,12.186919999999999,9.140258,2
669,12.179,9.079913699999999,2
668,12.169939999999999,9.0199176,2
667,12.15975,8.9602913,2
666,12.14845,8.9010561,2
665,12.13603,8.842233,2
664,12.122530000000001,8.783842,2
663,12.10794,8.725904,2
662,12.09228,8.668439,2
661,12.075560000000001,8.611467,2
660,12.057789999999999,8.555007000000002,2
659,12.03899,8.499077999999999,2
658,12.01918,8.443698,2
657,11.99836,8.388886999999999,2
656,11.97655,8.334663,2
633,11.23905,7.285639999999999,2
584,8.9853603,6.67005,2
632,11.19852,7.249969999999999,2
630,11.11583,7.18138,2
606,10.01273,6.659730000000001,2
605,9.964639,6.6503,2
604,9.916557000000001,6.64186,2
603,9.8685,6.63439,2
602,9.820489,6.62789,2
601,9.772542,6.6223600000000005,2
600,9.724680000000001,6.617789999999999,2
599,9.676921,6.61417,2
607,10.0608,6.67013,2
598,9.629284,6.611510000000001,2
596,9.534450999999999,6.609,2
595,9.487292,6.60915,2
594,9.44033,6.6102300000000005,2
593,9.393582,6.61222,2
592,9.347066,6.61512,2
591,9.3008,6.61892,2
590,9.254800999999999,6.62362,2
589,9.209086,6.6292,2
597,9.581788000000001,6.609789999999999,2
608,10.108839999999999,6.68152,2
609,10.156830000000001,6.69389,2
610,10.20474,6.70725,2
629,11.07372,7.14849,2
628,11.03112,7.11653,2
627,10.98805,7.08552,2
626,10.94454,7.055460000000001,2
625,10.90061,7.02635,2
624,10.85627,6.99821,2
623,10.81155,6.9710399999999995,2
622,10.76647,6.944839999999999,2
621,10.721039999999999,6.9196100000000005,2
620,10.6753,6.89537,2
619,10.62925,6.87211,2
618,10.582930000000001,6.84983,2
617,10.53634,6.828539999999999,2
616,10.489519999999999,6.80824,2
615,10.44248,6.788930000000001,2
614,10.39524,6.7706100000000005,2
613,10.34783,6.75328,2
612,10.30026,6.73695,2
611,10.25256,6.7216,2
631,11.15744,7.215210000000001,2
583,8.9416982,6.6807300000000005,2
582,8.898434,6.69223,2
581,8.855582,6.70454,2
216,12.21021,5.94723,2
217,12.274560000000001,6.001519999999999,2
218,12.33799,6.05716,2
219,12.40049,6.11413,2
220,12.46203,6.17241,2
221,12.52257,6.231990000000001,2
224,12.5821,6.29285,2
225,12.64058,6.35497,2
215,12.14499,5.89429,2
226,12.697980000000001,6.41833,2
228,12.80948,6.548719999999999,2
229,12.86351,6.615710000000001,2
230,12.91638,6.683860000000001,2
231,12.96804,6.75316,2
232,13.01848,6.823589999999999,2
233,13.06767,6.8951199999999995,2
235,13.11558,6.967739999999999,2
236,13.1622,7.04142,2
227,12.75429,6.48292,2
587,9.118577,6.6429800000000006,2
213,12.01201,5.79254,2
212,11.94431,5.74375,2
191,10.54612,5.09494,2
192,10.62331,5.11555,2
193,10.70027,5.1376800000000005,2
194,10.77696,5.16134,2
195,10.85337,5.18652,2
196,10.92946,5.21322,2
197,11.0052,5.24144,2
198,11.08056,5.27117,2
199,11.155510000000001,5.30241,2
201,11.23002,5.33515,2
202,11.30406,5.36939,2
203,11.37759,5.40512,2
204,11.4506,5.44234,2
205,11.52305,5.4810300000000005,2
206,11.59491,5.5212,2
207,11.66615,5.56283,2
208,11.73673,5.6059,2
209,11.80664,5.65043,2
210,11.87585,5.69638,2
237,13.207510000000001,7.11613,2
238,13.251470000000001,7.19185,2
239,13.294070000000001,7.2685699999999995,2
240,13.335289999999999,7.34625,2
266,13.86113,9.428714,2
268,13.862129999999999,9.521329,2
269,13.861360000000001,9.614133,2
565,8.237279,7.000539999999999,2
566,8.271713,6.977110000000001,2
567,8.306761999999999,6.954269999999999,2
568,8.342413,6.93203,2
569,8.378658,6.910419999999999,2
570,8.415485,6.88945,2
571,8.452882,6.86912,2
572,8.490839,6.84945,2
573,8.529344,6.83046,2
574,8.568385000000001,6.81217,2
575,8.607948,6.794580000000001,2
576,8.648022000000001,6.7777,2
577,8.688594,6.76156,2
578,8.729649,6.746160000000001,2
579,8.771175,6.731510000000001,2
580,8.813157,6.717630000000001,2
265,13.85837,9.336322000000001,2
188,10.39119,5.0583,2
264,13.853860000000001,9.244187,2
262,13.839620000000002,9.0608196,2
241,13.3751,7.424869999999999,2
242,13.413479999999998,7.5044,2
243,13.45041,7.58483,2
244,13.485879999999998,7.666110000000001,2
246,13.519860000000001,7.74823,2
247,13.55234,7.831160000000001,2
248,13.58329,7.91487,2
249,13.61271,7.9993300000000005,2
250,13.64056,8.084511000000001,2
251,13.66683,8.170391,2
252,13.69152,8.256936,2
253,13.7146,8.344118,2
254,13.73605,8.431907,2
255,13.755870000000002,8.520271000000001,2
257,13.774029999999998,8.609181,2
258,13.790529999999999,8.698606,2
259,13.80535,8.788513,2
260,13.81848,8.878873,2
261,13.8299,8.969652400000001,2
263,13.847610000000001,9.152341999999999,2
999,15.4754,8.755768,2
